Fold,Accuracy,F1_Score
Fold 1,0.90625,0.9
Fold 2,0.90625,0.9
Fold 3,0.90625,0.902834008097166
Fold 4,0.921875,0.9173340222164815
Fold 5,0.9375,0.9333333333333333
